[
    {
        "id": "3068800365",
        "nombre": "Aaron Gonzales Mera",
        "codigo": "3068800365",
        "grupo": "4-A",
        "necesidades": ["Prioridad I (PI)"],
        "asistencia": 92,
        "notaPeriodoAnterior": 22.0
    },
    {
        "id": "308880076",
        "nombre": "Angel Arguedas Martínez",
        "codigo": "308880076",
        "grupo": "4-A",
        "necesidades": [],
        "asistencia": 95,
        "notaPeriodoAnterior": 28.0
    },
    {
        "id": "672720189239",
        "nombre": "Benito Fierce Lopez",
        "codigo": "672720189239",
        "grupo": "4-A",
        "necesidades": [],
        "asistencia": 85,
        "notaPeriodoAnterior": 19.0
    },
    {
        "id": "4234256111",
        "nombre": "Luis Martínez Ruiz",
        "codigo": "4234256111",
        "grupo": "4-A",
        "necesidades": ["Prioridad I (PI)"],
        "asistencia": 88,
        "notaPeriodoAnterior": 25.0
    },
    {
        "id": "687070324657",
        "nombre": "Pepito Pasca Valverde",
        "codigo": "687070324657",
        "grupo": "4-A",
        "necesidades": [],
        "asistencia": 90,
        "notaPeriodoAnterior": 18.0
    },
    {
        "id": "52345203534554",
        "nombre": "Phelan Potter Porter",
        "codigo": "52345203534554",
        "grupo": "4-A",
        "necesidades": [],
        "asistencia": 78,
        "notaPeriodoAnterior": 0.0
    }
]